نام_استاد,مبلغ_پیمنت,شماره_حساب,شماره_کارت,شماره_شبا
admin,,,,

"کلاس‌های عمومی"
"کد کلاس",سطح,"تعداد زبان‌آموزان","تعداد جلسات برگزار شده","تاریخ شروع","تاریخ پایان",توضیحات
10,M,3,12,"تست تاریخ شروع",,"تست فارسی"
12,F,10,12,,,FSEKHTIUES

"تعداد جلساتی که در این ترم ساب گرفتید"
تاریخ,روز,سطح,"نام استاد جایگزین شما"
,,,

"تعداد جلساتی که در این ترم ساب رفتید"
تاریخ,روز,سطح,"نام استاد اصلی"
,,,

"کلاس‌های خصوصی"
"نام زبان آموز","تاریخ برگزاری کلاس"
"ساجده مهلا",

"کلاس‌های جبرانی یا چرخشی"
"نام زبان آموز","تاریخ برگزاری","مدت زمان کلاس","تعداد جلسات"
,,,

"تماس پشتیبانی"
"کد کلاس","تعداد تماس موفق","جمع مدت زمان تماس",توضیحات
,,,

"ویژه اساتید ناظر طرح هوم چارج"
"تاریخ حضور","ساعت حضور",توضیحات
,,
